prompt,response
What is Airtel 5G?,"Airtel 5G is the latest generation of mobile network technology, offering faster speeds, lower latency, and enhanced connectivity."
How can I check Airtel 5G coverage in my area?,You can check Airtel 5G coverage by visiting the Airtel website or using the Airtel Thanks app to see the latest coverage map.
What devices are compatible with Airtel 5G?,"Most new smartphones, including models from brands like Apple, Samsung, and OnePlus, are compatible with Airtel 5G."
How do I upgrade to Airtel 5G?,"To upgrade to Airtel 5G, ensure you have a 5G-compatible device and are within the 5G coverage area. No need to change your existing SIM card."
Is there an additional cost for Airtel 5G?,Airtel 5G services are available at no extra cost with your existing Airtel plans.
How fast is Airtel 5G?,"Airtel 5G offers significantly faster speeds than 4G, with potential peak download speeds up to 1 Gbps."
Can I use Airtel 5G for home internet?,"Yes, Airtel offers 5G home broadband solutions that can be used as an alternative to traditional wired connections."
How does Airtel 5G improve gaming?,"Airtel 5G provides lower latency and faster speeds, which results in a smoother and more responsive gaming experience."
What are the benefits of Airtel 5G for businesses?,"Airtel 5G offers businesses enhanced connectivity, improved efficiency, and the ability to leverage advanced technologies like IoT and AI."
Does Airtel 5G work indoors?,"Yes, Airtel 5G is designed to work effectively both indoors and outdoors, although indoor coverage may vary based on building materials and other factors."
How does Airtel ensure the security of its 5G network?,"Airtel employs advanced security measures, including encryption and network slicing, to ensure the security and privacy of its 5G network."
What is the latency of Airtel 5G?,"Airtel 5G offers ultra-low latency, often as low as 1 millisecond, which is ideal for applications requiring real-time responsiveness."
How does Airtel 5G support IoT devices?,"Airtel 5G's high bandwidth and low latency are perfect for supporting a wide range of IoT devices, enabling smarter and more connected environments."
Can I use Airtel 5G while roaming internationally?,Airtel 5G services are available in select international locations. Check with Airtel for the latest information on international 5G roaming.
What is Airtel's 5G deployment plan?,Airtel is rapidly expanding its 5G network across major cities and regions. Visit the Airtel website for the latest updates on 5G rollout.
How does Airtel 5G enhance video streaming?,"Airtel 5G offers higher speeds and lower buffering times, providing a seamless and high-quality video streaming experience."
Are there any health concerns with Airtel 5G?,Airtel 5G complies with all international safety standards and regulations to ensure there are no health risks associated with 5G technology.
How do I troubleshoot Airtel 5G connectivity issues?,"If you experience connectivity issues, try restarting your device, checking for software updates, or contacting Airtel customer support for assistance."
What are the advantages of Airtel 5G over 4G?,"Airtel 5G offers significantly faster speeds, lower latency, higher capacity, and the ability to connect more devices simultaneously compared to 4G."
Can I switch back to 4G if needed?,"Yes, if needed, you can switch back to 4G by adjusting your device's network settings. Your Airtel SIM will support both 4G and 5G networks."
How does Airtel 5G impact battery life on devices?,"Airtel 5G may impact battery life due to higher data speeds and usage, but modern devices are optimized to manage battery efficiency while using 5G."
What is the upload speed of Airtel 5G?,"Airtel 5G offers significantly improved upload speeds compared to 4G, often reaching up to 200 Mbps."
How does Airtel 5G enhance virtual reality experiences?,"Airtel 5G's low latency and high bandwidth provide a smoother, more immersive virtual reality experience with real-time responsiveness."
Can I use Airtel 5G for online education?,"Yes, Airtel 5G provides fast and stable internet connections ideal for online education, enabling seamless video calls and quick access to educational resources."
What kind of SIM card do I need for Airtel 5G?,You can use your existing Airtel SIM card to access 5G services; no new SIM card is required.
How reliable is Airtel 5G in extreme weather conditions?,"Airtel 5G is designed to be resilient and reliable even in extreme weather conditions, ensuring consistent connectivity."
What plans are available for Airtel 5G?,Airtel offers various plans that include 5G services at no additional cost. Visit the Airtel website or app for details on available plans.
How does Airtel 5G improve video conferencing?,"Airtel 5G enhances video conferencing with higher quality video, reduced lag, and more stable connections."
Is Airtel 5G suitable for rural areas?,"Airtel is working to expand its 5G coverage to rural areas, aiming to provide fast and reliable internet access across all regions."
What are the environmental impacts of Airtel 5G?,"Airtel 5G networks are designed to be energy-efficient, helping to reduce the overall environmental impact while providing faster and more reliable connectivity."
How does Airtel 5G benefit smart cities?,"Airtel 5G supports the infrastructure of smart cities by enabling advanced technologies such as smart traffic management, public safety, and efficient energy use."
Can Airtel 5G be used for telemedicine?,"Yes, Airtel 5G provides the high-speed, low-latency connections needed for telemedicine, enabling real-time consultations and remote medical services."
How can businesses leverage Airtel 5G for remote work?,"Airtel 5G offers reliable and fast internet connections that are essential for remote work, supporting video conferencing, cloud services, and collaboration tools."
What are the key features of Airtel 5G?,"Key features of Airtel 5G include ultra-fast speeds, low latency, high reliability, and the ability to connect more devices simultaneously."
How does Airtel 5G support cloud gaming?,"Airtel 5G provides the low latency and high-speed connectivity necessary for a seamless cloud gaming experience, reducing lag and buffering."
What spectrum bands does Airtel 5G use?,Airtel 5G operates on a variety of spectrum bands to ensure widespread coverage and optimal performance.
Can Airtel 5G improve mobile hotspot performance?,"Yes, Airtel 5G enhances mobile hotspot performance with faster speeds and more reliable connections compared to 4G."
How does Airtel 5G support autonomous vehicles?,Airtel 5G's low latency and high reliability are crucial for the real-time data transmission needed for autonomous vehicle operation.
What is the range of Airtel 5G towers?,"The range of Airtel 5G towers can vary, but generally, they provide coverage over several kilometers, depending on the environment and other factors."
How does Airtel 5G handle network congestion?,Airtel 5G uses advanced technologies like network slicing and dynamic spectrum allocation to manage network congestion effectively.
Are there any Airtel 5G specific apps or services?,"Airtel offers a range of apps and services optimized for 5G, including enhanced streaming, gaming, and productivity tools."
How does Airtel 5G support augmented reality applications?,Airtel 5G's high speed and low latency provide the performance needed for smooth and responsive augmented reality applications.
Can Airtel 5G be used for smart home devices?,"Yes, Airtel 5G can support a wide range of smart home devices, providing fast and reliable connectivity for home automation."
How does Airtel 5G improve disaster response and management?,"Airtel 5G enables better communication and coordination during disasters with its reliable and fast connectivity, supporting real-time data sharing and remote operations."
What is Airtel 5G Edge?,"Airtel 5G Edge is a service that brings compute and storage closer to the end-user, reducing latency and improving performance for applications."
How can Airtel 5G be used in healthcare?,"Airtel 5G supports advanced healthcare applications such as remote surgery, real-time patient monitoring, and telemedicine."
What are the data limits for Airtel 5G plans?,"Airtel 5G plans come with generous data limits, often similar to existing 4G plans. Check your specific plan details for more information."
How does Airtel 5G support live event streaming?,Airtel 5G provides the high-speed and low-latency connections necessary for high-quality live event streaming without buffering.
Can Airtel 5G improve network reliability?,"Yes, Airtel 5G offers improved network reliability with advanced technologies designed to maintain connectivity even in challenging conditions."
How does Airtel 5G support remote industrial operations?,"Airtel 5G enables remote industrial operations with its high-speed, low-latency connectivity, supporting applications like remote machinery control and monitoring."
What partnerships does Airtel have for 5G development?,Airtel collaborates with leading technology companies and industry partners to develop and deploy advanced 5G solutions and infrastructure.
